Workbook

Sheet 키워드 검증
A1: BidEasy 키워드 검증 — 경쟁도·볼륨·우선순위 재조정
A2: 추정치 기반(2026-06 웹 SERP 조사). 검색량은 상대 티어이며 정확치는 네이버 검색광고 키워드도구 실측 필요 → '검증가이드' 시트 참고. 기회점수 = 전환의도P × 볼륨P ÷ SEO난이도P (높을수록 우선)
A4: 번호 | B4: 클러스터 | C4: 키워드 | D4: 검색의도 | E4: 퍼널 | F4: 추정 볼륨 | G4: 볼륨 P | H4: SEO난이도 (재평가) | I4: 난이도 P | J4: 전환 의도P | K4: 주요 경쟁자 유형 | L4: 기회 점수 | M4: 원래 우선순위 | N4: 재조정 우선순위 | O4: 비고
A5: 1 | B5: A.입문·기초 | C5: 나라장터 입찰 방법 | D5: 정보 | E5: 인지 | F5: 상 | G5: 3 | H5: 상 | I5: 3 | J5: 1 | K5: 정부·산군·MyBidWise | L5: =ROUND(J5*G5/I5,2) -> 1 | M5: P2 | N5: P3 | O5: 대형 정보키워드·정부/기존블로그 점유 매우높음. 볼륨 크나 전환 약 → 후순위
A6: 2 | B6: A.입문·기초 | C6: 나라장터 회원가입 방법 | D6: 정보 | E6: 인지 | F6: 중 | G6: 2 | H6: 중 | I6: 2 | J6: 1 | K6: 정부·블로그 | L6: =ROUND(J6*G6/I6,2) -> 1 | M6: P3 | N6: P3 | O6: 유지
A7: 3 | B7: A.입문·기초 | C7: 나라장터 입찰 참가 자격 | D7: 정보 | E7: 인지 | F7: 상 | G7: 3 | H7: 상 | I7: 3 | J7: 2 | K7: 정부·행정사 | L7: =ROUND(J7*G7/I7,2) -> 2 | M7: P2 | N7: P2 | O7: 자격 기능 연계 가치. 정부/행정사 강세지만 차별점 살리면 유지
A8: 4 | B8: A.입문·기초 | C8: 조달 등록 방법 | D8: 정보 | E8: 인지 | F8: 중 | G8: 2 | H8: 상 | I8: 3 | J8: 1 | K8: 정부(pps.go.kr) | L8: =ROUND(J8*G8/I8,2) -> 0.67 | M8: P3 | N8: P3 | O8: 정부 페이지 강세, 사실상 outrank 어려움
A9: 5 | B9: A.입문·기초 | C9: 나라장터 사용법 | D9: 정보 | E9: 인지 | F9: 상 | G9: 3 | H9: 상 | I9: 3 | J9: 1 | K9: 블로그·정부 | L9: =ROUND(J9*G9/I9,2) -> 1 | M9: P2 | N9: P3 | O9: 광범위·전환 약 → 후순위
A10: 6 | B10: A.입문·기초 | C10: 공공입찰 초보 가이드 | D10: 정보 | E10: 인지 | F10: 중 | G10: 2 | H10: 중 | I10: 2 | J10: 1 | K10: 블로그 | L10: =ROUND(J10*G10/I10,2) -> 1 | M10: P2 | N10: P3 | O10: 전환 약 → 후순위
A11: 7 | B11: A.입문·기초 | C11: 나라장터 업종코드 등록 | D11: 정보 | E11: 인지 | F11: 하 | G11: 1 | H11: 하 | I11: 1 | J11: 1 | K11: 블로그 소수 | L11: =ROUND(J11*G11/I11,2) -> 1 | M11: P3 | N11: P3 | O11: 롱테일 저경쟁=빠른 색인용. 볼륨 작음
A12: 8 | B12: A.입문·기초 | C12: 입찰 참가 필요 서류 | D12: 정보 | E12: 인지 | F12: 중 | G12: 2 | H12: 중 | I12: 2 | J12: 1 | K12: 정부·블로그 | L12: =ROUND(J12*G12/I12,2) -> 1 | M12: P3 | N12: P3 | O12: 유지
A13: 9 | B13: B.투찰·가격 | C13: 투찰 가격 산정 방법 | D13: 정보 | E13: 고려 | F13: 상 | G13: 3 | H13: 상 | I13: 3 | J13: 2 | K13: 인포21C·vgi·아이건설넷 | L13: =ROUND(J13*G13/I13,2) -> 2 | M13: P1 | N13: P1 | O13: 핵심 차별점. 계산기 보유 경쟁자 강세 → 깊이있게 써야 함
A14: 10 | B14: B.투찰·가격 | C14: 적격심사 점수 계산 | D14: 정보 | E14: 고려 | F14: 상 | G14: 3 | H14: 상 | I14: 3 | J14: 2 | K14: 인포21C 적격심사계산기 | L14: =ROUND(J14*G14/I14,2) -> 2 | M14: P1 | N14: P2 | O14: 계산기가 SERP 점유. 난이도 높아 강등
A15: 11 | B15: B.투찰·가격 | C15: 낙찰하한율 | D15: 정보 | E15: 고려 | F15: 상 | G15: 3 | H15: 중 | I15: 2 | J15: 2 | K15: 블로그·정부 | L15: =ROUND(J15*G15/I15,2) -> 3 | M15: P1 | N15: P1 | O15: ★2026.1.30 상향(10억미만 87.745→89.745%) 최신이슈—신선도로 상위 가능. 우선 발행
A16: 12 | B16: B.투찰·가격 | C16: 사정율 계산 | D16: 정보 | E16: 고려 | F16: 중 | G16: 2 | H16: 중 | I16: 2 | J16: 2 | K16: 인포21C·블로그 | L16: =ROUND(J16*G16/I16,2) -> 2 | M16: P2 | N16: P2 | O16: 유지
... A54: 50 | B54: F.도구·비교 | C54: 나라장터 자동화 | D54: 정보 | E54: 전환 | F54: 하 | G54: 1 | H54: 하 | I54: 1 | J54: 3 | K54: 소수 | L54: =ROUND(J54*G54/I54,2) -> 3 | M54: P2 | N54: P2 | O54: 유지

Sheet 클러스터 요약
A1: 클러스터별 우선순위 분포 & 전략 방향
A3: 클러스터 | B3: 키워드 수 | C3: 재조정 P1 | D3: 재조정 P2 | E3: 재조정 P3 | F3: 권장 전략
A4: A.입문·기초 | B4: =COUNTIF('키워드 검증'!$B$5:$B$54,A4&"*") -> 8 | C4: =COUNTIFS('키워드 검증'!$B$5:$B$54,A4&"*",'키워드 검증'!$N$5:$N$54,"P1") -> 0 | D4: =COUNTIFS('키워드 검증'!$B$5:$B$54,A4&"*",'키워드 검증'!$N$5:$N$54,"P2") -> 1 | E4: =COUNTIFS('키워드 검증'!$B$5:$B$54,A4&"*",'키워드 검증'!$N$5:$N$54,"P3") -> 7 | F4: 정부·대형블로그 점유. 볼륨 크나 전환 약 → 후순위·자동발행 슬롯
A5: B.투찰·가격 | B5: =COUNTIF('키워드 검증'!$B$5:$B$54,A5&"*") -> 10 | C5: =COUNTIFS('키워드 검증'!$B$5:$B$54,A5&"*",'키워드 검증'!$N$5:$N$54,"P1") -> 4 | D5: =COUNTIFS('키워드 검증'!$B$5:$B$54,A5&"*",'키워드 검증'!$N$5:$N$54,"P2") -> 6 | E5: =COUNTIFS('키워드 검증'!$B$5:$B$54,A5&"*",'키워드 검증'!$N$5:$N$54,"P3") -> 0 | F5: 핵심 차별점. 계산기 경쟁 치열 → '낙찰하한율 2026'·'기초금액' 같은 저경쟁/신선 키워드로 진입
A6: C.자격·가점 | B6: =COUNTIF('키워드 검증'!$B$5:$B$54,A6&"*") -> 9 | C6: =COUNTIFS('키워드 검증'!$B$5:$B$54,A6&"*",'키워드 검증'!$N$5:$N$54,"P1") -> 1 | D6: =COUNTIFS('키워드 검증'!$B$5:$B$54,A6&"*",'키워드 검증'!$N$5:$N$54,"P2") -> 2 | E6: =COUNTIFS('키워드 검증'!$B$5:$B$54,A6&"*",'키워드 검증'!$N$5:$N$54,"P3") -> 6 | F6: 정부·행정사 강세. '입찰 가점 항목'·'공사 면허 입찰' 등 제품 적합 키워드만 선별
A7: D.공고탐색·알림 | B7: =COUNTIF('키워드 검증'!$B$5:$B$54,A7&"*") -> 10 | C7: =COUNTIFS('키워드 검증'!$B$5:$B$54,A7&"*",'키워드 검증'!$N$5:$N$54,"P1") -> 5 | D7: =COUNTIFS('키워드 검증'!$B$5:$B$54,A7&"*",'키워드 검증'!$N$5:$N$54,"P2") -> 5 | E7: =COUNTIFS('키워드 검증'!$B$5:$B$54,A7&"*",'키워드 검증'!$N$5:$N$54,"P3") -> 0 | F7: BidEasy 핵심 가치·전환 직결. 알림/관심공고 키워드 최우선 발행
A8: E.개찰·낙찰분석 | B8: =COUNTIF('키워드 검증'!$B$5:$B$54,A8&"*") -> 6 | C8: =COUNTIFS('키워드 검증'!$B$5:$B$54,A8&"*",'키워드 검증'!$N$5:$N$54,"P1") -> 0 | D8: =COUNTIFS('키워드 검증'!$B$5:$B$54,A8&"*",'키워드 검증'!$N$5:$N$54,"P2") -> 3 | E8: =COUNTIFS('키워드 검증'!$B$5:$B$54,A8&"*",'키워드 검증'!$N$5:$N$54,"P3") -> 3 | F8: 인포21C 낙찰DB 강세. '낙찰 통계 분석' 등 제품 연계만 선별
A9: F.도구·비교 | B9: =COUNTIF('키워드 검증'!$B$5:$B$54,A9&"*") -> 7 | C9: =COUNTIFS('키워드 검증'!$B$5:$B$54,A9&"*",'키워드 검증'!$N$5:$N$54,"P1") -> 5 | D9: =COUNTIFS('키워드 검증'!$B$5:$B$54,A9&"*",'키워드 검증'!$N$5:$N$54,"P2") -> 2 | E9: =COUNTIFS('키워드 검증'!$B$5:$B$54,A9&"*",'키워드 검증'!$N$5:$N$54,"P3") -> 0 | F9: 저경쟁·고전환. 비교/대안 키워드는 손쉬운 승리 — 가장 먼저 발행
A10: 합계 | B10: =SUM(B4:B9) -> 50 | C10: =SUM(C4:C9) -> 15 | D10: =SUM(D4:D9) -> 19 | E10: =SUM(E4:E9) -> 16
A12: 권장 발행 순서 (신규 도메인 90일)
A13: • 1순위 (즉시): F 비교/대안 + D 알림 — 저경쟁·고전환·제품 직결 (#44,45,46,47,29,30,31,35)
A14: • 2순위 (신선도): '낙찰하한율'(#11) — 2026.1.30 상향 최신이슈, 신규 도메인도 상위 가능
A15: • 3순위: B 저경쟁 제품적합(#14 기초금액,#17 투찰률계산기,#26 공사면허) + D 나머지
A16: • 4순위 (볼륨·자동발행): A 입문 + E 개찰 — 정부/인포21C 강세라 단기 성과 기대 낮음
A17: • 보류/재검토: #15 예정가격 추정 — 브랜드('낙찰가 예측 안함')와 충돌, 앵글 변경 필요

Sheet 경쟁자 지형
A1: 경쟁자 지형 (2026-06 조사)
A3: 경쟁자 | B3: 유형 | C3: 강점 영역 | D3: BidEasy 시사점
A4: 인포21C (info21c.net) | B4: 유료 입찰포털 (국내1위 자처) | C4: 적격심사계산기·투찰율 데이터·낙찰DB 4만건/년·입찰강의 | D4: B·E 클러스터 정면승부 불리. 차별점=오버레이·설치형으로 우회
A5: 지투비플러스 (g2bplus.kr) | B5: 무료 AI 분석 검색서비스 | C5: 나라장터+25개 기관 데이터 AI 분석·무료 | D5: D '검색' 키워드 강력 경쟁자. '대안' 키워드(#46)로 방어 공백 공략
A6: 아이건설넷·케이비드·비드큐 | B6: 유료 입찰정보 사이트 | C6: 입찰강의·실무자료·도메인 권위 | D6: A·B 정보키워드 점유. 단기 outrank 어려움
A7: 산군 블로그 (sankun.com) | B7: 콘텐츠 SEO 블로그 | C7: '입찰공고 알림' 등 D 키워드 상위 | D7: 직접 SEO 경쟁자. 제품 우위(설치형 실시간)로 차별화
A8: MyBidWise (mybidwise.com) | B8: SEO-우선 블로그(2026 가이드) | C8: '나라장터 입찰 방법' 등 가이드 양산 | D8: BidEasy와 동일 콘텐츠 전략 추정 — 속도·제품연계로 앞서야
A9: 나라장터 딥링크 (크롬확장) | B9: 무료 크롬 확장 | C9: 공고 딥링크 생성(단일기능) | D9: #44 '크롬 확장프로그램' 경쟁. BidEasy는 분석까지=기능 우위
A10: 크몽·하나셀 (알림 프로그램) | B10: 유료 알림 프로그램/긱 | C10: 카톡 키워드 알림(PC설치형) | D10: D 알림 키워드 경쟁. '무설치 오버레이' 메시지로 차별
A11: 정부 (pps.go.kr·gov.kr·law.go.kr) | B11: 공식 기관 | C11: 자격·등록·규정 키워드 절대권위 | D11: A·C 등록/규정 키워드는 outrank 거의 불가 → 후순위

Sheet 검증가이드
A1: 정확한 검색량 실측 가이드 (필수 후속작업)
A3: 왜 필요한가 | B3: 이 시트의 '추정 볼륨'은 키워드 구조·SERP·시장지식 기반 상대 티어입니다. 절대 검색량(월간 조회수)은 아래 도구로 실측해 G열(볼륨P)을 갱신하세요.
A4: ① 네이버 검색광고 키워드도구 (권장·한국 핵심) | B4: searchad.naver.com 로그인(무료) → 도구 > 키워드 도구 → 키워드 입력 → 월간검색수(PC/모바일)·경쟁정도·평균클릭률 확인. 한국 B2B는 네이버 비중이 커 가장 중요.
A5: ② 구글 키워드플래너 | B5: ads.google.com → 도구 > 키워드 플래너 → 검색량 및 예측 → 월간 검색량·경쟁(낮음/중간/높음) 확인. 광고계정 필요(무료 생성).
A6: ③ 구글 서치콘솔 (발행 후) | B6: search.google.com/search-console → 도메인 등록 → 실제 노출수·클릭수·평균순위로 사후 검증. W6 모니터링과 연계.
A7: 실측 후 할 일 | B7: 1) 월간검색수를 '상(2천+)/중(500~2천)/하(500미만)' 식 기준으로 G열 갱신 → 기회점수 자동 재계산. 2) 경쟁정도 '높음'인데 신규도메인이면 재조정P 한 단계 강등. 3) 검색량 0~희박 키워드는 제외.
A8: 주의 | B8: 네이버/구글 검색량은 다를 수 있음. 한국 공공입찰 실무자는 네이버 의존도가 높으니 ①을 1차 기준으로.
